<?xml version="1.0" encoding="us-ascii"?>
<!-- ?xml-stylesheet type="text/xsl" href="http://ilcsoft.desy.de/marlin/marlin.xsl"? -->
<!-- ?xml-stylesheet type="text/xsl" href="marlin.xsl"? -->

<!--
============================================================================================================================
   Steering File generated by Marlin GUI on Wed Feb 11 16:11:54 2015

   WARNING: - Please be aware that comments made in the original steering file were lost.
            - Processors that are not installed in your Marlin binary lost their parameter's descriptions and types as well.
            - Extra parameters that aren't categorized as default in a processor lost their description and type.
============================================================================================================================
-->


<marlin xmlns:xsi="http://www.w3.org/2001/XMLSchema-instance" xsi:noNamespaceSchemaLocation="http://ilcsoft.desy.de/marlin/marlin.xsd">

   <execute>
      <processor name="AIDA"/>
      <processor name="UniversalNativeReader"/>
      <processor name="NoisyPixelMaskerM26"/>
     <processor name="NoisyPixelMaskerAPIX"/>
      <xprocessor name="SaveAsRoot"/>
      <processor name="Save"/>
      <processor name="EUTelUtilityPrintEventNumber"/>
   </execute>

   <global>
      <parameter name="LCIOInputFiles"> </parameter>
      <parameter name="GearXMLFile" value="/localscratch/riccardo/EUTelescope/v01-17-05/Eutelescope/trunk/jobsub/examples/GBL/SCT/geometry/alignedGear-check-2015_10_Longstrip_1.xml"/>
      <parameter name="MaxRecordNumber" value="100000000"/>
      <parameter name="SkipNEvents" value="0"/>
      <parameter name="SupressCheck" value="false"/>
      <parameter name="Verbosity" value="MESSAGE5"/>
   </global>

 <processor name="AIDA" type="AIDAProcessor">
 <!--Processor that handles AIDA files. Creates on directory per processor.  Processors only need to create and fill the histograms, clouds and tuples. Needs to be the first ActiveProcessor-->
  <!-- compression of output file 0: false >0: true (default) -->
  <parameter name="Compress" type="int" value="1"/>
  <!-- filename without extension-->
  <parameter name="FileName" type="string" value="./output/histograms/run000310-converter-histo"/>
  <!-- type of output file root (default) or xml )-->
  <parameter name="FileType" type="string" value="root"/>
  <!--verbosity level of this processor ("DEBUG0-4,MESSAGE0-4,WARNING0-4,ERROR0-4,SILENT")-->
  <!--parameter name="Verbosity" type="string" value=""/-->
</processor>

 <processor name="UniversalNativeReader" type="EUTelNativeReader">
 <!--Reads data streams produced by EUDAQ and produced the corresponding LCIO output-->
  <!--This is the depfet produced output collection-->
  <parameter name="DEPFETOutputCollection" type="string" lcioOutType="TrackerData"> rawdata_dep </parameter>
  <!--This is the eudrb producer output collection when read in RAW mode-->
  <parameter name="EUBRDRawModeOutputCollection" type="string" lcioOutType="TrackerRawData"> rawdata </parameter>
  <!--This si the mimotel output collection when read in ZS mode-->
  <parameter name="EUDRBZSModeOutputCollection" type="string" lcioOutType="TrackerData"> zsdata </parameter>
  <!--Type of sparsified pixel data structure (use SparsePixelType enumerator)-->
  <!--parameter name="EUDRBSparsePixelType" type="int" value="1"/-->
  <!--The geometry identification number-->
  <parameter name="GeoID" type="int" value="0"/>
  <!--This is the input file name-->
  <parameter name="InputFileName" type="string" value="/afs/physik.uni-freiburg.de/hardware/laser/riccardo_data/Testbeam/testbeam_2015_10_Longstrip//run000310.raw"/>
  <!--Resynchronize the events based on the TLU trigger ID-->
  <parameter name="SyncTriggerID" type="bool" value="false"/>
  <!--verbosity level of this processor ("DEBUG0-4,MESSAGE0-4,WARNING0-4,ERROR0-4,SILENT")-->
  <!--parameter name="Verbosity" type="string" value=""/-->
</processor>

 <processor name="NoisyPixelMaskerM26" type="EUTelProcessorNoisyPixelFinder">
 <!--EUTelProcessorNoisyPixelFinder computes the firing frequency of pixels and applies a cut on this value to mask (NOT remove) hot pixels.-->
  <!--Input of Zero Suppressed data-->
  <parameter name="ZSDataCollectionName" type="string" lcioInType="TrackerData"> zsdata_m26 </parameter>
  <!--The list of sensor IDs that shall be excluded.-->
  <!--parameter name="ExcludedPlanes" type="IntVec"> </parameter-->
  <!--This is the name of the hot pixel collection to be saved into the output slcio file-->
  <parameter name="HotPixelCollectionName" type="string" value="hotpixel_m26"/>
  <!--This is the name of the LCIO file name with the output hotpixel db (add .slcio)-->
  <parameter name="HotPixelDBFile" type="string" value="./output/database/run000310-hotpixel-m26-db.slcio"/>
  <!--Write mode for HotPixelDB file:  WRITE_APPEND or WRITE_NEW-->
  <!--parameter name="LCIOWriteMode" type="string" value="WRITE_NEW"/-->
  <!--This float number [0,1] represents the maximum allowed firing frequency
within the selected number of event per cycle-->
  <parameter name="MaxAllowedFiringFreq" type="float" value="0.003"/>
  <!--The number of events to be considered for each update cycle-->
  <parameter name="NoOfEvents" type="int" value="2500"/>
  <!--The sensorID for the generated collection (one per detector)-->
  <parameter name="SensorIDVec" type="IntVec" value="0 1 2 3 4 5"/>
  <!--verbosity level of this processor ("DEBUG0-4,MESSAGE0-4,WARNING0-4,ERROR0-4,SILENT")-->
  <!--parameter name="Verbosity" type="string" value=""/-->
</processor>

 <processor name="NoisyPixelMaskerAPIX" type="EUTelProcessorNoisyPixelFinder">
 <!--EUTelProcessorNoisyPixelFinder computes the firing frequency of pixels and applies a cut on this value to mask (NOT remove) hot pixels.-->
  <!--Input of Zero Suppressed data-->
  <parameter name="ZSDataCollectionName" type="string" lcioInType="TrackerData"> zsdata_apix </parameter>
  <!--The list of sensor IDs that shall be excluded.-->
  <!--parameter name="ExcludedPlanes" type="IntVec"> </parameter-->
  <!--This is the name of the hot pixel collection to be saved into the output slcio file-->
  <parameter name="HotPixelCollectionName" type="string" value="hotpixel_apix"/>
  <!--This is the name of the LCIO file name with the output hotpixel db (add .slcio)-->
  <parameter name="HotPixelDBFile" type="string" value="./output/database/run000310-hotpixel-apix-db.slcio"/>
  <!--Write mode for HotPixelDB file:  WRITE_APPEND or WRITE_NEW-->
  <!--parameter name="LCIOWriteMode" type="string" value="WRITE_NEW"/-->
  <!--This float number [0,1] represents the maximum allowed firing frequency
within the selected number of event per cycle-->
  <parameter name="MaxAllowedFiringFreq" type="float" value="0.001"/>
  <!--The number of events to be considered for each update cycle-->
  <parameter name="NoOfEvents" type="int" value="2500"/>
  <!--The sensorID for the generated collection (one per detector)-->
  <parameter name="SensorIDVec" type="IntVec" value="20"/>
  <!--verbosity level of this processor ("DEBUG0-4,MESSAGE0-4,WARNING0-4,ERROR0-4,SILENT")-->
  <!--parameter name="Verbosity" type="string" value=""/-->
</processor>

 <processor name="Save" type="EUTelOutputProcessor">
 <!--Writes the current event to the specified LCIO outputfile. Eventually it adds a EORE at the of the file if it was missing Needs to be the last ActiveProcessor.-->
  <!--drops the named collections from the event-->
  <!--parameter name="DropCollectionNames" type="StringVec"> TPCHits HCalHits </parameter-->
  <!--drops all collections of the given type from the event-->
  <!--parameter name="DropCollectionTypes" type="StringVec"> SimTrackerHit SimCalorimeterHit </parameter-->
  <!-- write complete objects in subset collections to the file (i.e. ignore subset flag)-->
  <!--parameter name="FullSubsetCollections" type="StringVec" value="MCParticlesSkimmed"/-->
  <!--force keep of the named collections - overrules DropCollectionTypes (and DropCollectionNames)-->
  <!--parameter name="KeepCollectionNames" type="StringVec" value="MyPreciousSimTrackerHits"/-->
  <!-- name of output file -->
  <parameter name="LCIOOutputFile" type="string" value="./output/lcio/run000310-converter.slcio"/>
  <!--write mode for output file:  WRITE_APPEND or WRITE_NEW-->
  <parameter name="LCIOWriteMode" type="string" value="WRITE_NEW"/>
  <!--Set it to true to remove intermediate EORE in merged runs-->
  <parameter name="SkipIntermediateEORE" type="bool" value="true"/>
  <!--will split output file if size in kB exceeds given value - doesn't work with APPEND and NEW-->
  <!--parameter name="SplitFileSizekB" type="int" value="1992294"/-->
  <!--verbosity level of this processor ("DEBUG0-4,MESSAGE0-4,WARNING0-4,ERROR0-4,SILENT")-->
  <!--parameter name="Verbosity" type="string" value=""/-->
</processor>

 <processor name="EUTelUtilityPrintEventNumber" type="EUTelUtilityPrintEventNumber">
 <!--EUTelUtilityPrintEventNumber prints event number to screen depending on the verbosity level-->
  <!--Print event number for every n-th event-->
  <parameter name="EveryNEvents" type="int" value="2500"/>
  <!--verbosity level of this processor ("DEBUG0-4,MESSAGE0-4,WARNING0-4,ERROR0-4,SILENT")-->
  <!--parameter name="Verbosity" type="string" value=""/-->
  <!--print the event timestamp as read from LCIO-->
  <!--parameter name="printTimestamp" type="bool" value="false"/-->
</processor>
  <processor name="SaveAsRoot" type="EUTelOutputTTree">
    <!--EUTelProcessorNoisyClusterMasker masks pulses which contain hot pixels. For this, the quality field of pulses is used to encode the kNoisyCluster enum provided by EUTelescope.-->
    <!--Input of zero suppressed data, still containing hot pixels-->

    <parameter name="OutputPath" type="string" value="converter.root"/>
    <!--verbosity level of this processor ("DEBUG0-4,MESSAGE0-4,WARNING0-4,ERROR0-4,SILENT")-->
    <!--parameter name="Verbosity" type="string" value=""/-->
  </processor>

</marlin>
